title,genres
Interstellar,sci-fi|adventure|drama
Inception,sci-fi|action|thriller
The Martian,sci-fi|adventure|comedy
Gravity,sci-fi|adventure|thriller
The Dark Knight,action|crime|drama
Avengers Endgame,action|sci-fi|adventure
Titanic,romance|drama
The Notebook,romance|drama
Toy Story,animation|comedy|family
Finding Nemo,animation|comedy|family|adventure
Jumanji,adventure|comedy|fantasy
Harry Potter,fantasy|adventure|family
Frozen,animation|fantasy|romance|family
Guardians of the Galaxy,sci-fi|action|comedy|adventure