label,message
ham,Hey are we still meeting at 6 today
ham,Can you send me the project file
ham,Please call me when you reach home
spam,Congratulations you won a free prize claim now
spam,You have won a cash reward click this link
ham,Your interview is scheduled for Monday
ham,Can you bring the laptop tomorrow
spam,URGENT you have been selected for a free gift
ham,Happy birthday have a great day
spam,Win a brand new phone by entering now
ham,Please submit the assignment before evening
ham,I will call you after lunch
spam,Congratulations you are our lucky winner
spam,Claim your free vacation package today
ham,Are you coming to class tomorrow
ham,Please check your email
spam,You have been chosen for a cash bonus
ham,Let's meet near the library
ham,Your order has been delivered
spam,Exclusive offer win money now
ham,Can you help me with the Python project
spam,Free entry available click to claim
ham,See you at the meeting tomorrow
spam,You have won a free ticket
ham,Please send the notes when you can
spam,Limited time offer claim your reward
ham,Are you free this evening
ham,The class starts at 9 AM tomorrow
spam,Congratulations claim your free cash prize
ham,Thanks for your help