temperature,humidity,households,solar_generation,consumption_kwh
24,65,120,180,820
25,63,125,190,850
26,60,130,210,870
27,58,135,230,900
28,56,140,250,930
29,54,145,270,960
30,52,150,290,990
31,50,155,310,1020
32,48,160,330,1050
33,46,165,350,1080
25,66,122,185,830
27,61,132,220,890
29,55,142,260,950
31,49,152,300,1010
33,45,168,360,1100
26,64,128,205,865
28,59,138,240,920
30,53,148,280,980
32,47,158,320,1040
34,43,172,370,1120
22,70,110,150,760
23,68,115,165,790
24,67,118,175,810
28,57,136,245,925
30,51,147,275,970
32,44,162,340,1070
34,42,175,380,1150
27,62,134,225,905
29,56,144,265,955
31,48,156,315,1030